{
  "pgUserList_GoButton" : {
    "transaction" : "pgUserList_GoButton",
    "sampleCount" : 1000,
    "errorCount" : 0,
    "errorPct" : 0.0,
    "meanResTime" : 9000,
    "minResTime" : 25.0,
    "maxResTime" : 6759.0,
    "pct1ResTime" : 4821.3,
    "pct2ResTime" : 5357.95,
    "pct3ResTime" : 6358.9400000000005,
    "throughput" : 10.206685378923195,
    "receivedKBytesPerSec" : 1482.5011163562135,
    "sentKBytesPerSec" : 18.32020285787191
  },
  "pgUserGeneral_Refresh" : {
    "transaction" : "pgUserGeneral_Refresh",
    "sampleCount" : 2000,
    "errorCount" : 637,
    "errorPct" : 31.85,
    "meanResTime" : 5078.322999999999,
    "minResTime" : 4.0,
    "maxResTime" : 6677.0,
    "pct1ResTime" : 4162.700000000001,
    "pct2ResTime" : 5111.999999999996,
    "pct3ResTime" : 6108.97,
    "throughput" : 19.923493783869937,
    "receivedKBytesPerSec" : 2713.5284491926004,
    "sentKBytesPerSec" : 57.400937820643726
  },
  "pgUserGeneral_UpdateCmctnDet" : {
    "transaction" : "pgUserGeneral_UpdateCmctnDet",
    "sampleCount" : 2000,
    "errorCount" : 403,
    "errorPct" : 20.15,
    "meanResTime" : 2340.025500000003,
    "minResTime" : 7.0,
    "maxResTime" : 6759.0,
    "pct1ResTime" : 4418.000000000001,
    "pct2ResTime" : 5208.649999999999,
    "pct3ResTime" : 6263.8,
    "throughput" : 19.954702824588185,
    "receivedKBytesPerSec" : 798.8807496825955,
    "sentKBytesPerSec" : 17.42762678719307
  },
  "pgLogOut" : {
    "transaction" : "pgLogOut",
    "sampleCount" : 1000,
    "errorCount" : 544,
    "errorPct" : 54.4,
    "meanResTime" : 637.078999999998,
    "minResTime" : 4.0,
    "maxResTime" : 6606.0,
    "pct1ResTime" : 3545.5,
    "pct2ResTime" : 4645.299999999997,
    "pct3ResTime" : 5903.380000000001,
    "throughput" : 10.020240886590914,
    "receivedKBytesPerSec" : 37.80965675664843,
    "sentKBytesPerSec" : 4.069470330066735
  },
  "pgIndicatorList" : {
    "transaction" : "pgIndicatorList",
    "sampleCount" : 1000,
    "errorCount" : 0,
    "errorPct" : 0.0,
    "meanResTime" : 3937.229,
    "minResTime" : 66.0,
    "maxResTime" : 6677.0,
    "pct1ResTime" : 5234.9,
    "pct2ResTime" : 5442.95,
    "pct3ResTime" : 6224.9400000000005,
    "throughput" : 12.276867925454857,
    "receivedKBytesPerSec" : 1762.569786321114,
    "sentKBytesPerSec" : 10.958063753775138
  },
  "pgIndicatorList_CloseButton" : {
    "transaction" : "pgIndicatorList_CloseButton",
    "sampleCount" : 1000,
    "errorCount" : 0,
    "errorPct" : 0.0,
    "meanResTime" : 2893.724999999993,
    "minResTime" : 83.0,
    "maxResTime" : 6758.0,
    "pct1ResTime" : 4798.099999999999,
    "pct2ResTime" : 5355.799999999999,
    "pct3ResTime" : 6382.85,
    "throughput" : 10.783996549121104,
    "receivedKBytesPerSec" : 1625.4136673676264,
    "sentKBytesPerSec" : 19.093150140191955
  },
  "dlgUpdateContactDetail_Cancel" : {
    "transaction" : "dlgUpdateContactDetail_Cancel",
    "sampleCount" : 1000,
    "errorCount" : 185,
    "errorPct" : 18.5,
    "meanResTime" : 6372.9940000000024,
    "minResTime" : 10.0,
    "maxResTime" : 6630.0,
    "pct1ResTime" : 4697.5,
    "pct2ResTime" : 5143.0999999999985,
    "pct3ResTime" : 5855.620000000001,
    "throughput" : 10.039051911937436,
    "receivedKBytesPerSec" : 253.76865420548432,
    "sentKBytesPerSec" : 8.868972961068556
  },
  "pgProfileSelect" : {
    "transaction" : "pgProfileSelect",
    "sampleCount" : 1000,
    "errorCount" : 0,
    "errorPct" : 0.0,
    "meanResTime" : 2553.8280000000004,
    "minResTime" : 197.0,
    "maxResTime" : 6635.0,
    "pct1ResTime" : 4841.5,
    "pct2ResTime" : 5475.7,
    "pct3ResTime" : 6611.63,
    "throughput" : 16.321467626368964,
    "receivedKBytesPerSec" : 2460.0468324111703,
    "sentKBytesPerSec" : 13.723421510062185
  },
  "pgUserList_btnCancel" : {
    "transaction" : "pgUserList_btnCancel",
    "sampleCount" : 1000,
    "errorCount" : 490,
    "errorPct" : 49.0,
    "meanResTime" : 4536.8569999999986,
    "minResTime" : 7.0,
    "maxResTime" : 6610.0,
    "pct1ResTime" : 3660.3999999999996,
    "pct2ResTime" : 4733.95,
    "pct3ResTime" : 5510.58,
    "throughput" : 9.997600575861792,
    "receivedKBytesPerSec" : 780.6193896277393,
    "sentKBytesPerSec" : 9.94858890116372
  },
  "pgClaimTypeDetail_CloseButton" : {
    "transaction" : "pgClaimTypeDetail_CloseButton",
    "sampleCount" : 1000,
    "errorCount" : 0,
    "errorPct" : 0.0,
    "meanResTime" : 2916.7260000000006,
    "minResTime" : 30.0,
    "maxResTime" : 6650.0,
    "pct1ResTime" : 5384.9,
    "pct2ResTime" : 5953.599999999999,
    "pct3ResTime" : 6606.99,
    "throughput" : 13.072578958376909,
    "receivedKBytesPerSec" : 1855.4508773334555,
    "sentKBytesPerSec" : 15.44709037073834
  },
  "pgIndicatorList_NAV" : {
    "transaction" : "pgIndicatorList_NAV",
    "sampleCount" : 1000,
    "errorCount" : 0,
    "errorPct" : 0.0,
    "meanResTime" : 3908.467000000002,
    "minResTime" : 26.0,
    "maxResTime" : 6633.0,
    "pct1ResTime" : 5064.7,
    "pct2ResTime" : 5641.299999999997,
    "pct3ResTime" : 6609.99,
    "throughput" : 11.476312890194638,
    "receivedKBytesPerSec" : 1404.6827660209328,
    "sentKBytesPerSec" : 20.30769429397723
  },
  "pgClaimTypeList" : {
    "transaction" : "pgClaimTypeList",
    "sampleCount" : 1000,
    "errorCount" : 0,
    "errorPct" : 0.0,
    "meanResTime" : 6251.0949999999984,
    "minResTime" : 68.0,
    "maxResTime" : 6614.0,
    "pct1ResTime" : 5332.8,
    "pct2ResTime" : 5632.7,
    "pct3ResTime" : 6391.88,
    "throughput" : 15.38059276804528,
    "receivedKBytesPerSec" : 2238.431991825215,
    "sentKBytesPerSec" : 13.728380654290417
  },
  "pgIndicatorTypeDetail" : {
    "transaction" : "pgIndicatorTypeDetail",
    "sampleCount" : 1000,
    "errorCount" : 0,
    "errorPct" : 0.0,
    "meanResTime" : 2978.8650000000025,
    "minResTime" : 27.0,
    "maxResTime" : 6677.0,
    "pct1ResTime" : 5196.4,
    "pct2ResTime" : 5439.499999999999,
    "pct3ResTime" : 6430.74,
    "throughput" : 11.128669678826594,
    "receivedKBytesPerSec" : 1573.5873718811902,
    "sentKBytesPerSec" : 13.171823877673662
  },
  "pgUserList_GoToUserGeneral" : {
    "transaction" : "pgUserList_GoToUserGeneral",
    "sampleCount" : 1000,
    "errorCount" : 26,
    "errorPct" : 2.6,
    "meanResTime" : 3425.593999999998,
    "minResTime" : 17.0,
    "maxResTime" : 6626.0,
    "pct1ResTime" : 4706.799999999999,
    "pct2ResTime" : 5364.0,
    "pct3ResTime" : 6444.410000000001,
    "throughput" : 10.17418199576754,
    "receivedKBytesPerSec" : 1969.6458049304088,
    "sentKBytesPerSec" : 19.616081216679554
  },
  "Total" : {
    "transaction" : "Total",
    "sampleCount" : 24000,
    "errorCount" : 3093,
    "errorPct" : 12.8875,
    "meanResTime" : 2501.9302500000135,
    "minResTime" : 4.0,
    "maxResTime" : 6759.0,
    "pct1ResTime" : 5108.9000000000015,
    "pct2ResTime" : 5442.0,
    "pct3ResTime" : 6504.980000000003,
    "throughput" : 235.63833442970613,
    "receivedKBytesPerSec" : 26021.84350868548,
    "sentKBytesPerSec" : 334.24131820011587
  },
  "pgClaimTypeList_NAV" : {
    "transaction" : "pgClaimTypeList_NAV",
    "sampleCount" : 1000,
    "errorCount" : 0,
    "errorPct" : 0.0,
    "meanResTime" : 2738.942000000001,
    "minResTime" : 17.0,
    "maxResTime" : 6612.0,
    "pct1ResTime" : 5309.8,
    "pct2ResTime" : 5440.0,
    "pct3ResTime" : 6368.6,
    "throughput" : 13.617670288966963,
    "receivedKBytesPerSec" : 1654.7331191954681,
    "sentKBytesPerSec" : 24.189982671514557
  },
  "pgUserGeneral_CloseButton" : {
    "transaction" : "pgUserGeneral_CloseButton",
    "sampleCount" : 1000,
    "errorCount" : 449,
    "errorPct" : 44.9,
    "meanResTime" : 1716.0910000000038,
    "minResTime" : 7.0,
    "maxResTime" : 6651.0,